first_name,last_name,company_name,address,city,county,postal,phone1,phone2,email,web,full_name,email_domain,city_lenght,is_gmail
Evan,Zigomalas,Cap Gemini America,5 Binney St,Abbey Ward,Buckinghamshire,HP11 2AX,01937864715,01714737668,evan.zigomalas@gmail.com,http://www.capgeminiamerica.co.uk,EvanZigomalas,gmail.com,10,True
Charlesetta,Erm,"Cain, John M Esq",5 Hygeia St,Loundsley Green Ward,Derbyshire,S40 4LY,01276816806,01517624517,charlesetta_erm@gmail.com,http://www.cainjohnmesq.co.uk,CharlesettaErm,gmail.com,20,True
Corrinne,Jaret,Sound Vision Corp,2150 Morley St,Dee Ward,Dumfries and Galloway,DG8 7DE,01625932209,01642322954,corrinne_jaret@gmail.com,http://www.soundvisioncorp.co.uk,CorrinneJaret,gmail.com,8,True
Karma,Quarto,J C S Machinery,1 Birkett St,Shard End Ward,West Midlands,B33 0NH,01857864722,01307667811,kquarto@gmail.com,http://www.jcsmachinery.co.uk,KarmaQuarto,gmail.com,14,True
Milly,Savidge,Bridgeway Plan For Health,129 Alexander Pope St,Franche Ward,Hereford and Worcester,DY11 9BW,01702725589,01421132652,milly@gmail.com,http://www.bridgewayplanforhealth.co.uk,MillySavidge,gmail.com,12,True
Margurite,Loperfido,Penrose Place Pharmacy Inc,218 Greenbank Drive,Devizes,Wiltshire,SN10 3DU,01407866759,01640661191,mloperfido@gmail.com,http://www.penroseplacepharmacyinc.co.uk,MarguriteLoperfido,gmail.com,7,True
Melina,Orizabal,Sheraton Inn Ocean Front,3 Nevison St,Lymington and Pennington,Hampshire,SO41 1DL,01420307327,01245559333,melina@gmail.com,http://www.sheratoninnoceanfront.co.uk,MelinaOrizabal,gmail.com,24,True
Tina,Clapham,Cooper Myers Y Co,5662 William Moult St,Aylesbury,Buckinghamshire,HP21 8PP,01567296442,01493245349,tclapham@gmail.com,http://www.coopermyersyco.co.uk,TinaClapham,gmail.com,9,True
Luisa,Devereux,Cash 4 Checks,3 North View #35,Burmantofts and Richmond Hill,West Yorkshire,LS9 7JH,01607269930,01334807355,ldevereux@gmail.com,http://www.cashchecks.co.uk,LuisaDevereux,gmail.com,29,True
Alba,Mosseri,"Schwartzbard, Gail L Esq",4 Burnall St,Beeston West Ward,Nottinghamshire,NG9 1AE,01543198690,01231806535,alba@gmail.com,http://www.schwartzbardgaillesq.co.uk,AlbaMosseri,gmail.com,17,True
Dustin,Klingaman,Welders Supply,67 Micawber St,Brockley Ward,Greater London,SE14 6RQ,01712135466,01523775781,dklingaman@gmail.com,http://www.welderssupply.co.uk,DustinKlingaman,gmail.com,13,True
Margarett,Bairo,"Reid, Carleton B Esq",3 August Rd,Maybury and Sheerwater Ward,Surrey,GU21 5QL,01670813697,01903424890,margarett@gmail.com,http://www.reidcarletonbesq.co.uk,MargarettBairo,gmail.com,27,True
Sol,Cowser,Omni Mandalay,6448 Tillard St,Conisbrough and Denaby Ward,South Yorkshire,DN12 4JF,01412528394,01580134516,sol@gmail.com,http://www.omnimandalay.co.uk,SolCowser,gmail.com,27,True
Louann,Smethers,Lba Savings Bank,3055 Creswick St,Newbold and Brownsover Ward,Warwickshire,CV21 1LN,01670234959,01488872531,louann@gmail.com,http://www.lbasavingsbank.co.uk,LouannSmethers,gmail.com,27,True
Malika,Hanton,Association Of Art Museum Dir,1175 Greig St,St. Marys Ward,Greater Manchester,M25 0ZN,01532497454,01705208145,malika@gmail.com,http://www.associationofartmuseumdir.co.uk,MalikaHanton,gmail.com,14,True
Abraham,Cratch,"Cavuto, John A",41 Benedict St,Aldborough Ward,Greater London,IG2 7QG,01599245408,01695305111,acratch@gmail.com,http://www.cavutojohna.co.uk,AbrahamCratch,gmail.com,15,True
Juan,Vanwyhe,Office Service Co,5382 Redfern St,West End Ward,Greater London,W1J 0QH,01961642757,01728150282,juan_vanwyhe@gmail.com,http://www.officeserviceco.co.uk,JuanVanwyhe,gmail.com,13,True
Eva,Joulwan,Central Hrdwr & Elec Corp,7 Lear Rd,Stroud,Hampshire,GU32 3PQ,01779720349,01961802899,eva.joulwan@gmail.com,http://www.centralhrdwreleccorp.co.uk,EvaJoulwan,gmail.com,6,True
Jeannetta,Coolidge,Tiny Tots Originals Div,761 Cockerell St #1,Midway Ward,Derbyshire,DE11 0HE,01927790069,01440276155,jeannetta_coolidge@gmail.com,http://www.tinytotsoriginalsdiv.co.uk,JeannettaCoolidge,gmail.com,11,True
Malcom,Fleckles,L Winik & Associates Inc,8764 Nickleby St #877,Govan Ward,Glasgow City,G51 1BQ,01478110943,01937120539,malcom.fleckles@gmail.com,http://www.lwinikassociatesinc.co.uk,MalcomFleckles,gmail.com,10,True
Leota,Fletchen,Rust Evader Corp,8880 Great Howard St #7750,Sefton,Merseyside,L29 7WD,01358446391,01414780251,lfletchen@gmail.com,http://www.rustevadercorp.co.uk,LeotaFletchen,gmail.com,6,True
Berry,Gutoski,Budget Annex,9 Oakleigh,Lancing,West Sussex,BN15 9BN,01448211489,01929400879,berry@gmail.com,http://www.budgetannex.co.uk,BerryGutoski,gmail.com,7,True
Elsa,Delisle,Taos Valley Resort Assn,260 Saxon St,Brooklands Ward,Greater Manchester,M33 4BP,01537525550,01204471598,elsa_delisle@gmail.com,http://www.taosvalleyresortassn.co.uk,ElsaDelisle,gmail.com,15,True
Graham,Stanwick,Tiburon Pen Chmbr Commrce Inc,73 Hawkstone St,Renfrew South & Gallowhill War,Dunbartonshire,G52 4YG,01860191930,01409786106,gstanwick@gmail.com,http://www.tiburonpenchmbrcommrceinc.co.uk,GrahamStanwick,gmail.com,30,True
Lisbeth,Creecy,"Gerstenfeld, Gerald F Esq",484 Barry St,Shiney Row Ward,County Durham,DH4 7RG,01931620849,01825623398,lcreecy@gmail.com,http://www.gerstenfeldgeraldfesq.co.uk,LisbethCreecy,gmail.com,15,True
Alyssa,Ansbro,"Berg, Michael D Esq",85 Hero St,Stanhope,County Durham,DL13 2TZ,01632887825,01585967862,alyssa_ansbro@gmail.com,http://www.bergmichaeldesq.co.uk,AlyssaAnsbro,gmail.com,8,True
Kyoko,Mcmillian,Nature Conservancy,77 Reading St #8,North Tawton,Devon,EX20 2TR,01235173362,01371735347,kyoko_mcmillian@gmail.com,http://www.natureconservancy.co.uk,KyokoMcmillian,gmail.com,12,True
Lashawn,Ker,"Thornsjo, Dale O Esq",13 Nelson Rd,Filwood Ward,Bristol,BS4 1HT,01676780022,01470187069,lashawn.ker@gmail.com,http://www.thornsjodaleoesq.co.uk,LashawnKer,gmail.com,12,True
Whitney,Tishler,Clifford Standifer & Mcdowell,77 Mason St #650,Smallbridge and Firgrove Ward,Greater Manchester,OL16 3AW,01224605237,01948891701,whitney@gmail.com,http://www.cliffordstandifermcdowell.co.uk,WhitneyTishler,gmail.com,29,True
Frankie,Marruffo,Paralegal Personnel,52 Morningside Rd #1,Cilybebyll Community,Neath Port Talbot,SA8 3HE,01295678319,01966999493,fmarruffo@gmail.com,http://www.paralegalpersonnel.co.uk,FrankieMarruffo,gmail.com,20,True
Paola,Dease,Sunderland Publishing Co,94 Enid St,Birchington,Kent,CT7 9BG,01333642646,01419231768,pdease@gmail.com,http://www.sunderlandpublishingco.co.uk,PaolaDease,gmail.com,11,True
Luther,Alsman,Crossroads Travel Service Inc,227 Albert Terrace,Belvedere Ward,Greater London,DA17 6EF,01536639256,01494500403,luther@gmail.com,http://www.crossroadstravelserviceinc.co.uk,LutherAlsman,gmail.com,14,True
Melissia,Slotemaker,Twining Nemia & Steflik,83 St Johns Lane #43,Linlithgow Ward,West Lothian,EH49 7LS,01515360513,01936295031,mslotemaker@gmail.com,http://www.twiningnemiasteflik.co.uk,MelissiaSlotemaker,gmail.com,15,True
Odette,Moussette,Village Business Center,216 Lissant St #8,Great Dunmow,Essex,CM6 1DQ,01712248851,01626260974,odette_moussette@gmail.com,http://www.villagebusinesscenter.co.uk,OdetteMoussette,gmail.com,12,True
Hobert,Panfilov,"Carlin, Angela G Esq",92 Phythian St #614,Gweek,Cornwall,TR11 5RR,01245353227,01518554407,hobert@gmail.com,http://www.carlinangelagesq.co.uk,HobertPanfilov,gmail.com,5,True
Desire,Barresi,Greater Cinc Schl Empl Crdt Un,428 Kearsley St,Hatton,Warwickshire,CV35 7UA,01819701096,01970482055,desire@gmail.com,http://www.greatercincschlemplcrdtun.co.uk,DesireBarresi,gmail.com,6,True
Nathan,Outhouse,Grt Amercn Fed Svngs & Ln Assn,293 Vivian St,South Jesmond Ward,Tyne and Wear,NE2 1EY,01555702650,01364499130,nathan.outhouse@gmail.com,http://www.grtamercnfedsvngslnassn.co.uk,NathanOuthouse,gmail.com,18,True
Julie,Sakshaug,Newton Clerk,5 Shakspeare St #66,St. Johns Ward,Hereford and Worcester,B61 8HD,01225180983,01641570473,julie@gmail.com,http://www.newtonclerk.co.uk,JulieSakshaug,gmail.com,14,True
Marisha,Wilcoxon,Young Door Company,52 Trowbridge St,Knightsbridge and Belgravia Wa,Greater London,SW1X 9HB,01257461104,01422891030,marisha.wilcoxon@gmail.com,http://www.youngdoorcompany.co.uk,MarishaWilcoxon,gmail.com,30,True
Hubert,Mias,Chuckmaster Co,3614 Old Hall St #604,Fawley,Hampshire,SO45 2PT,01408965643,01857225719,hubert.mias@gmail.com,http://www.chuckmasterco.co.uk,HubertMias,gmail.com,6,True
Angelo,Lavista,Computemp,97 Newlands St,Kensington and Fairfield Ward,Merseyside,L6 9DU,01544247601,01210307796,angelo.lavista@gmail.com,http://www.computemp.co.uk,AngeloLavista,gmail.com,29,True
Salley,Rieger,Barnett Industries Inc,1 Segrave St,Sutton Trinity Ward,West Midlands,B75 6HJ,01858162078,01992655281,salley.rieger@gmail.com,http://www.barnettindustriesinc.co.uk,SalleyRieger,gmail.com,19,True
Lino,Sutulovich,Sherpa Corp,55 Margaret Rd,Heaton Ward,"Yorkshire, West",BD9 4DA,01316590173,01980890046,lino.sutulovich@gmail.com,http://www.sherpacorp.co.uk,LinoSutulovich,gmail.com,11,True
Gilbert,Langarica,Inter American Press Assn,82 Sinclair St,Bangor Community,Gwynedd,LL57 1DW,01455565046,01432324277,gilbert.langarica@gmail.com,http://www.interamericanpressassn.co.uk,GilbertLangarica,gmail.com,16,True
Mauricio,Flam,"Callender, William C Esq",18 Nimrod St,Walney North Ward,Cumbria,LA14 3SJ,01640813748,01829160968,mflam@gmail.com,http://www.callenderwilliamcesq.co.uk,MauricioFlam,gmail.com,17,True
Gilberto,Erixon,Advanced Data Systems,2258 Benedict St,Penryn,Cornwall,TR10 8RP,01582161403,01749718702,gerixon@gmail.com,http://www.advanceddatasystems.co.uk,GilbertoErixon,gmail.com,6,True
Laila,Fend,Burlington Co Library,57 St Georges Hill,Crawcrook and Greenside Ward,Tyne and Wear,NE40 4LJ,01550206220,01624621665,lfend@gmail.com,http://www.burlingtoncolibrary.co.uk,LailaFend,gmail.com,28,True
Bobbie,Guillereault,Geneva Woods Professional Ctr,385 Upper Hampton St #39,Southey Ward,South Yorkshire,S5 8LL,01496781616,01606682963,bguillereault@gmail.com,http://www.genevawoodsprofessionalctr.co.uk,BobbieGuillereault,gmail.com,12,True
Kanisha,Difiora,"Mata, Mario A Esq",513 Bailey St,Bontnewydd Community,Gwynedd,LL54 7UP,01770697837,01426535429,kanisha@gmail.com,http://www.matamarioaesq.co.uk,KanishaDifiora,gmail.com,20,True
Ayesha,Moeder,Meredith Paving Corp,620 Old Leeds St,Sheviock,Cornwall,PL11 3DF,01284871485,01800737237,ayesha@gmail.com,http://www.meredithpavingcorp.co.uk,AyeshaMoeder,gmail.com,8,True
Aleisha,Lemm,Pathe Cmptr Cntrl Systems Corp,341 Birchfield St,Wareham St. Martin,Dorset,BH16 6JJ,01341997268,01864899304,aleisha.lemm@gmail.com,http://www.pathecmptrcntrlsystemscorp.co.uk,AleishaLemm,gmail.com,18,True
Vashti,Sugai,Accurate Engraving Co,4 Candia St #6,Shipston on Stour,Warwickshire,CV36 4HE,01311723137,01528551210,vashti@gmail.com,http://www.accurateengravingco.co.uk,VashtiSugai,gmail.com,17,True
Jordan,Handsaker,Shirleys Print Shoppe,2 Cherry Lane,Strood South Ward,Kent,ME2 2NJ,01793443665,01964984369,jordan_handsaker@gmail.com,http://www.shirleysprintshoppe.co.uk,JordanHandsaker,gmail.com,17,True
Madalyn,Dubberly,L & M Industrial Chemicals Inc,1 Lower Burlington St,Northfleet South Ward,Kent,DA11 8RN,01974720949,01910745476,madalyn.dubberly@gmail.com,http://www.lmindustrialchemicalsinc.co.uk,MadalynDubberly,gmail.com,21,True
Santos,Signore,"Gallagher, John J Esq",4706 Chapel Place #5993,Steyning,West Sussex,BN44 3DF,01614431131,01670346228,santos@gmail.com,http://www.gallagherjohnjesq.co.uk,SantosSignore,gmail.com,8,True
Maia,Shadd,Pigeon Falls State Bank,8 Bigham Rd,Deal,Kent,CT14 9QJ,01950708083,01295412046,maia_shadd@gmail.com,http://www.pigeonfallsstatebank.co.uk,MaiaShadd,gmail.com,4,True
Nakita,Rodrigues,Richard Mulholland Prop Inc,4 Northbrook St #600,Edmonton Green Ward,Greater London,N18 2NF,01679150583,01607496390,nakita_rodrigues@gmail.com,http://www.richardmulhollandpropinc.co.uk,NakitaRodrigues,gmail.com,19,True
Kattie,Ozane,"Page, Patricia A Esq",526 Liffey St #759,Westbury,Wiltshire,BA13 3QU,01322491007,01807524286,kozane@gmail.com,http://www.pagepatriciaaesq.co.uk,KattieOzane,gmail.com,8,True
Chan,Loftin,Hydrick Law Offices,84 Walton Village,Horfield Ward,Bristol,BS7 0AX,01507583669,01698163177,chan@gmail.com,http://www.hydricklawoffices.co.uk,ChanLoftin,gmail.com,13,True
Chantell,Besong,"Kelly, Mark C",11 Tetlow St,Parsons Green and Walham Ward,Greater London,SW6 4QP,01607329400,01218142767,chantell_besong@gmail.com,http://www.kellymarkc.co.uk,ChantellBesong,gmail.com,29,True
Hyun,Erdman,"Hall, Ronald A",1432 Rutland Ave,Uckfield,East Sussex,TN22 9EF,01594744010,01356404829,hyun@gmail.com,http://www.hallronalda.co.uk,HyunErdman,gmail.com,8,True
Elizabeth,Pata,"Hirsch, Henry L Esq",645 Lister Drive,Denwick,Northumberland,NE66 2LQ,01634662999,01571674820,elizabeth@gmail.com,http://www.hirschhenrylesq.co.uk,ElizabethPata,gmail.com,7,True
Alise,Packebush,Wnc Forklift Inc,22 Delamore St,Hereford,Hereford and Worcester,HR1 2EA,01266695304,01517702273,alise.packebush@gmail.com,http://www.wncforkliftinc.co.uk,AlisePackebush,gmail.com,8,True
Bonita,Sandblom,Transbay Steel Corp,22 Kilshaw St,Wimbledon Park Ward,Greater London,SW19 7DT,01989617161,01723502274,bsandblom@gmail.com,http://www.transbaysteelcorp.co.uk,BonitaSandblom,gmail.com,19,True
Mari,Smeby,A B E Doors & Windows,4309 Chisenhale St,Rock,Hereford and Worcester,DY14 9XQ,01423202676,01733169475,msmeby@gmail.com,http://www.abedoorswindows.co.uk,MariSmeby,gmail.com,4,True
Eleonora,Ventry,"Jackson, Donald M Esq",758 Woodhouse St,Soho Ward,West Midlands,B21 0UE,01966685595,01762396161,eleonora@gmail.com,http://www.jacksondonaldmesq.co.uk,EleonoraVentry,gmail.com,9,True
Therese,Shiraki,Wuhf Fox 31,18 Ouse St,Oakridge and Castlefield Ward,Buckinghamshire,HP11 2PJ,01611691262,01703441371,tshiraki@gmail.com,http://www.wuhffox.co.uk,ThereseShiraki,gmail.com,29,True
Edward,Strejan,Kaysers Nutrition Center,1267 Audley St,Ise Lodge Ward,Northamptonshire,NN15 5DB,01242422459,01659505806,edward_strejan@gmail.com,http://www.kaysersnutritioncenter.co.uk,EdwardStrejan,gmail.com,14,True
Christoper,Sheneman,"Jones, Brigham P Esq",845 Atherton St,Tatsfield,Kent,TN16 2AR,01455958797,01732922087,christoper@gmail.com,http://www.jonesbrighampesq.co.uk,ChristoperSheneman,gmail.com,9,True
Ty,Feeback,Barnett Travel,14 Landseer Rd,Nith Ward,Dumfries and Galloway,DG1 9SY,01964503521,01661450622,tfeeback@gmail.com,http://www.barnetttravel.co.uk,TyFeeback,gmail.com,9,True
Gilberto,Feagins,"Finlay, Joseph B Jr",7643 Campbell St,Penge and Cator Ward,Greater London,BR3 1LT,01304758732,01315831243,gfeagins@gmail.com,http://www.finlayjosephbjr.co.uk,GilbertoFeagins,gmail.com,20,True
Queen,Leader,Ottumwa Glass Co,6 Princes St,East Kilbride West Ward,South Lanarkshire,G75 8YR,01567846944,01445288807,queen_leader@gmail.com,http://www.ottumwaglassco.co.uk,QueenLeader,gmail.com,23,True
Eliz,Strimple,Karl May General Contractor,82 Denison St #2642,Holyrood Ward,Greater Manchester,M25 1JB,01699467608,01844754890,eliz@gmail.com,http://www.karlmaygeneralcontractor.co.uk,ElizStrimple,gmail.com,13,True
Laura,Gumaer,C Leasing Company,1779 Bird St,East Sheen Ward,Greater London,SW14 8JZ,01821208235,01798839362,laura_gumaer@gmail.com,http://www.cleasingcompany.co.uk,LauraGumaer,gmail.com,15,True
Veronique,Nuckolls,Cinemax Cable Pay Tv Svce,198 Ranelagh Place,Central Buchan Ward,Aberdeenshire,AB43 6RD,01632762032,01699696279,vnuckolls@gmail.com,http://www.cinemaxcablepaytvsvce.co.uk,VeroniqueNuckolls,gmail.com,19,True
Antonio,Villamarin,Combs Sheetmetal,353 Standish St #8264,Little Parndon and Hare Street,Hertfordshire,CM20 2HT,01559403415,01388777812,antonio.villamarin@gmail.com,http://www.combssheetmetal.co.uk,AntonioVillamarin,gmail.com,30,True
Roxanne,Hedegore,"Wallace, Bruce R Esq",592 Catharine St,Blantyre Ward,South Lanarkshire,G72 0RZ,01317299836,01512894063,roxanne_hedegore@gmail.com,http://www.wallacebruceresq.co.uk,RoxanneHedegore,gmail.com,13,True
Olen,Ailey,"Shohet, Grace C Esq",9 Fielding St,Wombourne,Staffordshire,WV5 0BB,01654865551,01354169004,olen@gmail.com,http://www.shohetgracecesq.co.uk,OlenAiley,gmail.com,9,True
Elliott,Kins,John Noda A Law Ofc Lawrence E,32 High Park St #44,St. Margarets with St. Nichola,Norfolk,PE30 1QE,01727926540,01422984862,elliott@gmail.com,http://www.johnnodaalawofclawrencee.co.uk,ElliottKins,gmail.com,30,True
Leonie,Devereux,Mr Bar B Q Inc,88 Vernon St,Dunbar and East Linton Ward,East Lothian,EH42 1SJ,01515840778,01859764851,leonie_devereux@gmail.com,http://www.mrbarbqinc.co.uk,LeonieDevereux,gmail.com,27,True
Mignon,Luger,National Lime Association,80 Talbot St,Edgeley and Cheadle Heath Ward,Cheshire,SK3 9RD,01934252795,01491473626,mignon@gmail.com,http://www.nationallimeassociation.co.uk,MignonLuger,gmail.com,30,True
Tu,Rivet,Gemini Hats & Accessories Inc,31 Buckingham Ave #3785,Cotham Ward,Bristol,BS6 5SR,01578744350,01577559109,tu_rivet@gmail.com,http://www.geminihatsaccessoriesinc.co.uk,TuRivet,gmail.com,11,True
Remedios,Arlinghaus,"Miller, Martin M Esq",9 Duckenfield St,Aldbrough,E Riding of Yorkshire,HU11 4QA,01536498792,01883435283,remedios.arlinghaus@gmail.com,http://www.millermartinmesq.co.uk,RemediosArlinghaus,gmail.com,9,True
Denny,Casalenda,Ringo International Inc,75 Brewster St #453,Redlands Ward,Berkshire,RG1 5EX,01349134533,01589277770,dcasalenda@gmail.com,http://www.ringointernationalinc.co.uk,DennyCasalenda,gmail.com,13,True
Eleni,Vanscoik,"Simpson, Fred B Esq",9 Mather St,Sutton Vesey Ward,West Midlands,B73 6HH,01208373467,01628638196,eleni_vanscoik@gmail.com,http://www.simpsonfredbesq.co.uk,EleniVanscoik,gmail.com,17,True
Kina,Saltman,Mitchell Silliman Co Inc,29 Oregon St,Ruddington,Nottinghamshire,NG11 6JT,01515506025,01788849591,kina_saltman@gmail.com,http://www.mitchellsillimancoinc.co.uk,KinaSaltman,gmail.com,10,True
Jacki,Sterback,"Praver, David L Esq",15 East Albert Rd,Kingston Bagpuize with Southmo,Oxfordshire,OX13 5AW,01820396117,01935736077,jacki.sterback@gmail.com,http://www.praverdavidlesq.co.uk,JackiSterback,gmail.com,30,True
Fallon,Kerfoot,"Rotenstreich, H Andrew Esq",3186 Naylor St,Manor Castle Ward,South Yorkshire,S2 1HP,01538649750,01505472052,fallon.kerfoot@gmail.com,http://www.rotenstreichhandrewesq.co.uk,FallonKerfoot,gmail.com,17,True
Glory,Ona,Real Isle Properties,9830 Croxteth Rd,Pontefract North Ward,West Yorkshire,WF8 3YR,01469868357,01535699216,glory_ona@gmail.com,http://www.realisleproperties.co.uk,GloryOna,gmail.com,21,True
Tamesha,Tyburski,"Liss, Amy Esq",1054 Gladys St,Bellshill Ward,North Lanarkshire,ML4 3EJ,01954979729,01834599647,tamesha.tyburski@gmail.com,http://www.lissamyesq.co.uk,TameshaTyburski,gmail.com,14,True
Alverta,Topete,National Catholic Reporter,328 Havelock St #61,Addlestone Bourneside Ward,Surrey,KT15 2NL,01685141932,01665348077,alverta.topete@gmail.com,http://www.nationalcatholicreporter.co.uk,AlvertaTopete,gmail.com,26,True
Cristina,Marola,Pro Img Mktng & Pub Rel Inc,2449 Amberly St #6364,Temple Newsam Ward,West Yorkshire,LS15 0PQ,01264145506,01538230493,cmarola@gmail.com,http://www.proimgmktngpubrelinc.co.uk,CristinaMarola,gmail.com,18,True
Joaquin,Hysom,Sport Toyota,115 Lister Rd,Barnfield Ward,Lancashire,BB5 2EY,01616548910,01475223867,jhysom@gmail.com,http://www.sporttoyota.co.uk,JoaquinHysom,gmail.com,14,True
Kerrie,Makuch,Kinkos Copies,7855 Sir Thomas St #7499,Calstock,Cornwall,PL17 8AR,01854749084,01966883088,kmakuch@gmail.com,http://www.kinkoscopies.co.uk,KerrieMakuch,gmail.com,8,True
Maryln,Mortenson,"Mullins, Glen Esq",76 Paulton St,Lancaster Gate Ward,Greater London,W2 3JT,01618628525,01421574935,maryln@gmail.com,http://www.mullinsglenesq.co.uk,MarylnMortenson,gmail.com,19,True
Pearlie,Flori,Marine Safety International,4 Cochrane St,Iwade,Kent,ME9 8UJ,01235935599,01583844244,pearlie_flori@gmail.com,http://www.marinesafetyinternational.co.uk,PearlieFlori,gmail.com,5,True
Berry,Scandalis,American Fine Foods Inc,4 Vivian St,Corporation Park Ward,Lancashire,BB2 6LB,01379603039,01375150068,berry.scandalis@gmail.com,http://www.americanfinefoodsinc.co.uk,BerryScandalis,gmail.com,21,True
Kaycee,Carsten,Dohn Law Offices Inc Ps,35 Dublin St,Cirencester,Gloucestershire,GL7 2EY,01270893129,01837463418,kaycee.carsten@gmail.com,http://www.dohnlawofficesincps.co.uk,KayceeCarsten,gmail.com,11,True
Eugene,Pelzer,Fashion Corner Inc,622 Holmes St,Heath Town Ward,Staffordshire,WV10 0AW,01839920108,01413591144,eugene_pelzer@gmail.com,http://www.fashioncornerinc.co.uk,EugenePelzer,gmail.com,15,True
Noel,Sarra,Orkin Exterminating Co Inc,2 Cockburn St,Seaham,County Durham,SR7 0AR,01868736780,01874679913,nsarra@gmail.com,http://www.orkinexterminatingcoinc.co.uk,NoelSarra,gmail.com,6,True
Alton,Rampy,Reliable Metalcraft Inc,83 Battenburg St,Girvan and South Carrick Ward,South Ayrshire,KA26 0DY,01767568989,01506160673,alton_rampy@gmail.com,http://www.reliablemetalcraftinc.co.uk,AltonRampy,gmail.com,29,True
Ashley,Tropp,Everythings A Dollar,3 Greenleaf St #5644,Blyth,Northumberland,NE24 2RY,01951324927,01602307715,ashley.tropp@gmail.com,http://www.everythingsadollar.co.uk,AshleyTropp,gmail.com,5,True
Franchesca,Charry,"Cappello, A Barry Esq",59 Westminster Rd,Empress Ward,Hampshire,GU14 8AY,01748827176,01707624969,franchesca@gmail.com,http://www.cappelloabarryesq.co.uk,FranchescaCharry,gmail.com,12,True
Elmira,Ringlein,"Hyland, Richard S Esq",143 Clark St #802,Halliwell Ward,Greater Manchester,BL1 2PS,01934672498,01347140077,eringlein@gmail.com,http://www.hylandrichardsesq.co.uk,ElmiraRinglein,gmail.com,14,True
Angelica,Poisso,Chemical Consultants,47 Orry St #8243,Castleford Central and Glassho,West Yorkshire,WF10 4DW,01472449327,01758700994,apoisso@gmail.com,http://www.chemicalconsultants.co.uk,AngelicaPoisso,gmail.com,30,True
Casie,Arzilli,Wenatchee Valley Fed Crdt Un,5 Noon St,Melton Dorian Ward,Leicestershire,LE13 0RG,01289195823,01372334070,casie@gmail.com,http://www.wenatcheevalleyfedcrdtun.co.uk,CasieArzilli,gmail.com,18,True
Leeann,Flory,Fleetwood Area School District,1761 Johnstone St,Church Langley Ward,Essex,CM17 9TZ,01906807997,01997771926,leeann@gmail.com,http://www.fleetwoodareaschooldistrict.co.uk,LeeannFlory,gmail.com,19,True
Shelia,Plues,"Schen, Sanford E Md",9730 Dunnet St,Silloth-on-Solway,Cumbria,CA7 4RB,01818260618,01574927461,shelia@gmail.com,http://www.schensanfordemd.co.uk,SheliaPlues,gmail.com,17,True
Evelynn,Frede,"Hasselberg, Michael R Esq",8 Breckfield Road North,Seaham,County Durham,SR7 0AZ,01289621482,01571460710,evelynn.frede@gmail.com,http://www.hasselbergmichaelresq.co.uk,EvelynnFrede,gmail.com,6,True
Dusti,Maricle,"Garton, Jeffrey P Esq",59 Charles St,Victoria Ward,Kent,TN23 4GF,01642202972,01806219415,dusti@gmail.com,http://www.gartonjeffreypesq.co.uk,DustiMaricle,gmail.com,13,True
Filiberto,Fredrikson,Westoaks Glass,404 Aigburth St #4246,Audley Ward,Lancashire,BB1 2AA,01559323337,01727322116,filiberto_fredrikson@gmail.com,http://www.westoaksglass.co.uk,FilibertoFredrikson,gmail.com,11,True
Man,Homer,Applied Robotic Tech Inc,7 Canton St,Mildmay Ward,Greater London,N1 4RF,01590219449,01855550515,man.homer@gmail.com,http://www.appliedrobotictechinc.co.uk,ManHomer,gmail.com,12,True
Lennie,Asley,Air Tech Streamlining,79 Pine St,Radcliffe West Ward,Greater Manchester,M26 1GH,01585487560,01802349902,lennie_asley@gmail.com,http://www.airtechstreamlining.co.uk,LennieAsley,gmail.com,19,True
Nell,Pao,"Madaus, Gerald F Jr",1730 Seymour St,Eastbrook Ward,Brighton and Hove,BN41 1QH,01308582144,01773576318,npao@gmail.com,http://www.madausgeraldfjr.co.uk,NellPao,gmail.com,14,True
Antonio,Heilig,Radisson Suite Hotel,35 Elton St #3,Ipplepen,Devon,TQ12 5LL,01324171614,01442946357,antonio.heilig@gmail.com,http://www.radissonsuitehotel.co.uk,AntonioHeilig,gmail.com,8,True
Talia,Marthe,Kenney Mfg Co,5 Minerva St,Westbury,Wiltshire,BA13 3QR,01711170147,01607480159,talia.marthe@gmail.com,http://www.kenneymfgco.co.uk,TaliaMarthe,gmail.com,8,True
Cherelle,Sorrel,"Wiltgen, Nancy A Esq",794 Hook St,Benwell and Scotswood Ward,Tyne and Wear,NE15 7JA,01753327307,01212458253,cherelle_sorrel@gmail.com,http://www.wiltgennancyaesq.co.uk,CherelleSorrel,gmail.com,26,True
Shanda,Lunger,Western Packing Co,2476 Marsh St,Markhouse Ward,Greater London,E17 8NP,01329303595,01620180931,slunger@gmail.com,http://www.westernpackingco.co.uk,ShandaLunger,gmail.com,14,True
Viki,Humeniuk,Guldstrand Engineering Inc,8822 Trafalgar St,Yalding,Kent,ME18 6JE,01721747819,01381985978,vhumeniuk@gmail.com,http://www.guldstrandengineeringinc.co.uk,VikiHumeniuk,gmail.com,7,True
Domitila,Weissmann,"Ciocia, James A Esq",28 Berwick St,Moordown Ward,Bournemouth,BH9 1TT,01606833878,01928189722,domitila@gmail.com,http://www.ciociajamesaesq.co.uk,DomitilaWeissmann,gmail.com,13,True
Ivan,Aronov,Center For Pediatrics,94 Regent St,Over Kellet,Lancashire,LA6 1DB,01478392232,01410877250,ivan@gmail.com,http://www.centerforpediatrics.co.uk,IvanAronov,gmail.com,11,True
Diego,Augle,Farmers Electric Co Op Inc,4 Peover St,Walcot Ward,Bath Avon,BA1 6EF,01275397587,01933666689,diego.augle@gmail.com,http://www.farmerselectriccoopinc.co.uk,DiegoAugle,gmail.com,11,True
Peggy,Khov,"Goldberg, Stephen M Esq",328 Pallas St,Longford Ward,Greater Manchester,M32 8LJ,01619237602,01648417310,peggy.khov@gmail.com,http://www.goldbergstephenmesq.co.uk,PeggyKhov,gmail.com,13,True
Walton,Yuki,Best Wstrn Host Mtr Htl Palm,9 Waltham Rd,Yealmpton,Devon,PL8 2NS,01872808403,01885290666,wyuki@gmail.com,http://www.bestwstrnhostmtrhtlpalm.co.uk,WaltonYuki,gmail.com,9,True
Tony,Diazdeleon,Dilling Harris Inc,529 Llanrwst St,Southam,Gloucestershire,GL52 8TW,01765102036,01877593275,tony@gmail.com,http://www.dillingharrisinc.co.uk,TonyDiazdeleon,gmail.com,7,True
Mel,Picciuto,Avante Limited,8598 Rumney Rd,Hylands Ward,Essex,RM11 1QL,01885270480,01268443299,mel.picciuto@gmail.com,http://www.avantelimited.co.uk,MelPicciuto,gmail.com,12,True
Tijuana,Machalek,"Schwartz, Thomas E Esq",1149 Highfield Rd #996,Fareham South Ward,Hampshire,PO14 9JJ,01242532395,01336686264,tijuana.machalek@gmail.com,http://www.schwartzthomaseesq.co.uk,TijuanaMachalek,gmail.com,18,True
Derrick,Dolloff,Proto Tek Manufacturing,236 Blantyre Rd,Everton Ward,Merseyside,L6 2EN,01982734773,01619554437,derrick_dolloff@gmail.com,http://www.prototekmanufacturing.co.uk,DerrickDolloff,gmail.com,12,True
Alesia,Katie,Nelsons Trmt & Pest Cntrl Co,4 Covent Garden,Farnworth Ward,Greater Manchester,BL4 7AF,01333436799,01240614527,alesia_katie@gmail.com,http://www.nelsonstrmtpestcntrlco.co.uk,AlesiaKatie,gmail.com,14,True
Celestina,Keeny,Bfg Federal Credit Union,9 Milton St,Consett North ED,County Durham,DH8 5LP,01877379681,01600463475,celestina_keeny@gmail.com,http://www.bfgfederalcreditunion.co.uk,CelestinaKeeny,gmail.com,16,True
